transaction_id,sale_date,sale_time,customer_id,gender,age,category,quantity,price_per_unit,cogs,total_sale
T0001,2024-02-02,15:20,C162,Female,24,Clothing,3,2291,5154,6873
T0002,2024-03-23,19:17,C141,Female,20,Electronics,1,50640,37980,50640
T0003,2024-04-17,12:06,C119,Female,42,Electronics,1,21727,16295,21727
T0004,2024-01-01,13:54,C052,Male,54,Electronics,4,30139,90417,120556
T0005,2024-03-20,15:37,C138,Male,54,Cosmetics,2,962,1443,1924
T0006,2024-05-04,18:30,C103,Male,33,Electronics,5,18814,70552,94070
T0007,2024-02-20,20:27,C199,Female,57,Electronics,5,26891,100841,134455
T0008,2024-06-12,12:35,C144,Female,23,Clothing,5,2144,8040,10720
T0009,2024-04-24,15:42,C143,Male,55,Furniture,4,12917,38751,51668
T0010,2024-05-02,14:58,C069,Female,41,Electronics,5,48730,182737,243650
T0011,2024-04-20,9:52,C008,Male,55,Furniture,4,9826,29478,39304
T0012,2024-06-21,14:50,C172,Male,46,Electronics,1,44546,33409,44546
T0013,2024-06-22,20:26,C195,Male,19,Sports,2,7254,10881,14508
T0014,2024-05-23,14:32,C023,Male,53,Furniture,1,8154,6115,8154
T0015,2024-01-26,18:40,C158,Male,45,Clothing,1,1623,1217,1623
T0016,2024-05-22,11:59,C153,Male,37,Cosmetics,1,1216,912,1216
T0017,2024-02-14,15:39,C162,Female,47,Cosmetics,3,598,1345,1794
T0018,2024-01-03,9:21,C042,Female,58,Furniture,1,15877,11907,15877
T0019,2024-05-13,14:29,C020,Male,26,Furniture,2,15387,23080,30774
T0020,2024-03-09,16:20,C067,Female,41,Sports,1,3743,2807,3743
T0021,2024-04-08,12:45,C033,Female,33,Clothing,3,2886,6493,8658
T0022,2024-04-14,16:31,C078,Male,39,Furniture,5,6260,23475,31300
T0023,2024-01-23,14:55,C189,Female,46,Clothing,4,1278,3834,5112
T0024,2024-06-21,17:09,C050,Female,58,Groceries,3,445,1001,1335
T0025,2024-06-15,13:45,C044,Male,50,Furniture,1,14852,11139,14852
T0026,2024-02-22,9:06,C090,Male,59,Electronics,4,55601,166803,222404
T0027,2024-02-06,17:32,C028,Male,27,Electronics,3,41126,92533,123378
T0028,2024-05-01,13:15,C121,Female,37,Electronics,4,58093,174279,232372
T0029,2024-06-28,16:08,C004,Female,56,Electronics,4,48283,144849,193132
T0030,2024-03-26,13:50,C102,Male,38,Groceries,1,191,143,191
T0031,2024-05-31,18:19,C005,Female,42,Furniture,1,9205,6903,9205
T0032,2024-04-24,20:19,C010,Female,18,Furniture,3,14810,33322,44430
T0033,2024-02-13,9:45,C019,Male,59,Groceries,4,294,882,1176
T0034,2024-03-30,16:39,C059,Male,37,Electronics,1,32233,24174,32233
T0035,2024-03-13,12:07,C016,Male,54,Cosmetics,4,1377,4131,5508
T0036,2024-04-06,16:32,C019,Female,46,Furniture,1,13659,10244,13659
T0037,2024-04-06,17:00,C178,Female,36,Sports,5,7130,26737,35650
T0038,2024-02-01,9:29,C112,Female,25,Clothing,4,1557,4671,6228
T0039,2024-01-12,13:15,C126,Male,44,Furniture,5,5186,19447,25930
T0040,2024-04-10,20:05,C120,Male,21,Cosmetics,5,1081,4053,5405
T0041,2024-03-27,12:20,C104,Female,59,Clothing,1,2121,1590,2121
T0042,2024-03-28,15:26,C118,Male,42,Cosmetics,4,1812,5436,7248
T0043,2024-03-28,13:34,C190,Male,41,Sports,3,7368,16578,22104
T0044,2024-04-25,15:39,C040,Female,55,Cosmetics,2,808,1212,1616
T0045,2024-02-22,17:04,C140,Male,52,Cosmetics,4,1642,4926,6568
T0046,2024-02-22,18:54,C016,Male,60,Electronics,4,35334,106002,141336
T0047,2024-05-11,10:56,C116,Female,48,Sports,4,5756,17268,23024
T0048,2024-05-02,12:19,C120,Male,41,Sports,3,6503,14631,19509
T0049,2024-06-15,19:28,C014,Female,32,Furniture,5,5466,20497,27330
T0050,2024-06-21,12:11,C109,Male,39,Sports,3,5354,12046,16062
T0051,2024-01-29,16:20,C152,Male,32,Sports,1,3798,2848,3798
T0052,2024-02-09,17:26,C067,Female,53,Cosmetics,1,605,453,605
T0053,2024-04-12,17:38,C050,Female,26,Groceries,5,263,986,1315
T0054,2024-04-17,12:30,C119,Male,58,Clothing,4,2587,7761,10348
T0055,2024-02-22,9:51,C007,Female,47,Electronics,1,25797,19347,25797
T0056,2024-05-11,18:06,C099,Male,28,Electronics,5,16943,63536,84715
T0057,2024-01-17,16:27,C199,Female,22,Electronics,4,18430,55290,73720
T0058,2024-03-18,11:49,C122,Male,56,Furniture,4,12545,37635,50180
T0059,2024-03-11,14:40,C045,Female,57,Furniture,5,14825,55593,74125
T0060,2024-05-15,17:40,C070,Female,21,Furniture,5,7234,27127,36170
T0061,2024-04-07,19:34,C166,Female,29,Sports,3,3324,7479,9972
T0062,2024-06-13,18:38,C169,Female,21,Cosmetics,1,729,546,729
T0063,2024-06-17,14:18,C077,Female,34,Groceries,4,126,378,504
T0064,2024-01-12,12:30,C039,Female,42,Electronics,4,29854,89562,119416
T0065,2024-04-30,17:28,C187,Female,43,Sports,2,7626,11439,15252
T0066,2024-03-26,19:23,C008,Male,59,Clothing,1,2398,1798,2398
T0067,2024-03-10,18:36,C078,Male,28,Furniture,3,5189,11675,15567
T0068,2024-01-27,14:52,C088,Female,52,Cosmetics,5,1754,6577,8770
T0069,2024-06-15,17:10,C111,Male,50,Electronics,5,47075,176531,235375
T0070,2024-03-03,16:16,C073,Female,23,Electronics,1,15032,11274,15032
T0071,2024-05-20,19:23,C039,Male,47,Electronics,5,19531,73241,97655
T0072,2024-01-06,18:16,C145,Female,49,Electronics,5,31570,118387,157850
T0073,2024-04-23,10:11,C131,Female,20,Sports,1,3864,2898,3864
T0074,2024-02-18,14:57,C007,Male,51,Cosmetics,4,1408,4224,5632
T0075,2024-04-19,14:31,C113,Female,38,Furniture,5,18726,70222,93630
T0076,2024-04-17,20:18,C200,Male,36,Groceries,1,314,235,314
T0077,2024-05-30,17:59,C051,Female,45,Electronics,5,41295,154856,206475
T0078,2024-05-29,20:12,C113,Male,60,Electronics,3,20895,47013,62685
T0079,2024-01-11,20:57,C148,Male,40,Groceries,4,163,489,652
T0080,2024-02-27,16:34,C013,Male,34,Groceries,4,236,708,944
T0081,2024-06-26,19:56,C137,Female,42,Cosmetics,5,1854,6952,9270
T0082,2024-02-28,11:39,C105,Male,20,Clothing,5,2496,9360,12480
T0083,2024-03-08,13:35,C128,Female,46,Cosmetics,1,1651,1238,1651
T0084,2024-04-07,10:34,C134,Male,60,Clothing,2,519,778,1038
T0085,2024-03-18,12:44,C162,Male,27,Electronics,1,50457,37842,50457
T0086,2024-01-20,13:44,C078,Male,43,Clothing,5,1369,5133,6845
T0087,2024-06-26,17:00,C053,Female,33,Clothing,3,592,1332,1776
T0088,2024-04-28,15:17,C042,Female,35,Cosmetics,4,509,1527,2036
T0089,2024-02-25,10:03,C143,Female,30,Electronics,2,32012,48018,64024
T0090,2024-03-09,13:33,C100,Female,48,Sports,2,5864,8796,11728
T0091,2024-06-11,10:09,C069,Male,43,Cosmetics,1,741,555,741
T0092,2024-03-15,13:46,C050,Female,43,Cosmetics,4,680,2040,2720
T0093,2024-02-13,11:30,C156,Female,26,Cosmetics,4,652,1956,2608
T0094,2024-05-16,14:55,C158,Male,24,Clothing,2,1441,2161,2882
T0095,2024-01-06,17:31,C026,Male,29,Furniture,5,5706,21397,28530
T0096,2024-03-28,16:41,C130,Female,50,Clothing,3,2814,6331,8442
T0097,2024-03-13,19:23,C108,Female,48,Electronics,5,54769,205383,273845
T0098,2024-05-22,14:22,C115,Female,37,Groceries,5,108,405,540
T0099,2024-05-17,20:31,C033,Male,40,Sports,2,3897,5845,7794
T0100,2024-05-09,18:57,C152,Male,25,Sports,5,6370,23887,31850
T0101,2024-06-13,16:37,C101,Female,30,Cosmetics,1,512,384,512
T0102,2024-06-25,19:39,C083,Male,44,Clothing,2,2104,3156,4208
T0103,2024-03-01,11:45,C087,Female,34,Clothing,3,2298,5170,6894
T0104,2024-01-03,16:57,C037,Male,55,Groceries,5,173,648,865
T0105,2024-06-08,12:32,C023,Male,56,Clothing,3,514,1156,1542
T0106,2024-05-10,10:35,C143,Female,37,Groceries,4,350,1050,1400
T0107,2024-03-01,16:55,C056,Female,26,Sports,1,7990,5992,7990
T0108,2024-05-14,18:01,C054,Male,42,Groceries,4,180,540,720
T0109,2024-02-10,15:17,C082,Female,48,Electronics,2,48515,72772,97030
T0110,2024-03-14,19:23,C044,Male,58,Electronics,2,59409,89113,118818
T0111,2024-05-25,12:05,C042,Female,31,Cosmetics,3,1192,2682,3576
T0112,2024-03-11,9:44,C154,Female,38,Furniture,5,16281,61053,81405
T0113,2024-04-02,19:20,C136,Female,42,Groceries,1,389,291,389
T0114,2024-01-08,9:17,C174,Female,48,Groceries,4,144,432,576
T0115,2024-02-23,12:45,C143,Male,19,Groceries,3,319,717,957
T0116,2024-05-13,19:54,C058,Female,35,Electronics,5,59381,222678,296905
T0117,2024-06-03,12:36,C039,Male,54,Cosmetics,3,506,1138,1518
T0118,2024-06-06,17:39,C178,Female,33,Sports,3,1193,2684,3579
T0119,2024-06-10,17:06,C121,Female,57,Furniture,2,15160,22740,30320
T0120,2024-03-28,16:22,C118,Male,53,Electronics,4,43554,130662,174216
T0121,2024-03-19,11:17,C143,Female,31,Cosmetics,2,491,736,982
T0122,2024-03-24,9:50,C195,Male,37,Furniture,1,5767,4325,5767
T0123,2024-01-28,20:51,C097,Female,40,Furniture,1,16845,12633,16845
T0124,2024-06-08,15:01,C179,Female,35,Clothing,2,2402,3603,4804
T0125,2024-04-07,17:02,C135,Male,25,Sports,2,2252,3378,4504
T0126,2024-05-27,18:18,C191,Male,49,Cosmetics,5,1389,5208,6945
T0127,2024-02-11,20:34,C109,Male,51,Cosmetics,2,1547,2320,3094
T0128,2024-03-02,17:26,C018,Male,28,Sports,1,6761,5070,6761
T0129,2024-02-01,17:33,C174,Male,19,Electronics,1,46290,34717,46290
T0130,2024-01-29,14:42,C042,Female,52,Furniture,3,9728,21888,29184
T0131,2024-03-08,16:21,C161,Female,60,Furniture,1,5511,4133,5511
T0132,2024-02-04,12:36,C007,Male,19,Clothing,5,1244,4665,6220
T0133,2024-02-04,18:14,C019,Female,60,Groceries,5,134,502,670
T0134,2024-03-25,14:46,C045,Female,45,Clothing,4,2715,8145,10860
T0135,2024-06-04,16:03,C063,Female,33,Furniture,2,15825,23737,31650
T0136,2024-03-25,14:18,C162,Male,44,Clothing,2,2887,4330,5774
T0137,2024-01-16,12:27,C102,Male,33,Furniture,3,17353,39044,52059
T0138,2024-04-28,14:53,C170,Female,21,Electronics,4,58476,175428,233904
T0139,2024-06-14,14:08,C138,Female,58,Electronics,4,47483,142449,189932
T0140,2024-01-17,13:59,C053,Male,44,Clothing,5,1689,6333,8445
T0141,2024-03-27,14:41,C116,Female,32,Cosmetics,2,541,811,1082
T0142,2024-05-10,17:24,C173,Female,27,Cosmetics,2,1653,2479,3306
T0143,2024-05-19,13:19,C190,Female,25,Clothing,3,1418,3190,4254
T0144,2024-04-04,16:15,C074,Female,43,Furniture,1,18351,13763,18351
T0145,2024-04-18,9:51,C194,Male,50,Cosmetics,2,1041,1561,2082
T0146,2024-02-04,18:41,C194,Male,39,Furniture,1,5488,4116,5488
T0147,2024-04-06,19:34,C113,Male,53,Sports,4,3218,9654,12872
T0148,2024-06-28,18:12,C156,Female,38,Electronics,1,18752,14064,18752
T0149,2024-06-07,13:41,C145,Female,34,Electronics,3,54525,122681,163575
T0150,2024-04-28,14:18,C199,Female,55,Sports,4,3151,9453,12604
T0151,2024-04-15,19:10,C162,Female,23,Cosmetics,5,680,2550,3400
T0152,2024-06-06,9:23,C155,Female,57,Electronics,2,15739,23608,31478
T0153,2024-06-02,19:58,C199,Female,26,Clothing,5,1791,6716,8955
T0154,2024-01-10,12:09,C057,Male,59,Groceries,5,113,423,565
T0155,2024-03-31,17:46,C118,Female,40,Furniture,2,8115,12172,16230
T0156,2024-04-14,13:02,C114,Female,26,Groceries,1,333,249,333
T0157,2024-03-13,18:48,C106,Male,35,Clothing,4,2575,7725,10300
T0158,2024-06-21,20:34,C050,Female,40,Groceries,5,152,570,760
T0159,2024-06-04,12:17,C121,Female,31,Cosmetics,5,996,3735,4980
T0160,2024-04-02,12:35,C188,Female,53,Groceries,4,139,417,556
T0161,2024-01-31,11:50,C086,Female,49,Electronics,2,28208,42312,56416
T0162,2024-01-08,20:50,C122,Male,29,Electronics,2,47061,70591,94122
T0163,2024-06-13,10:00,C047,Male,30,Furniture,5,11938,44767,59690
T0164,2024-03-25,16:44,C085,Female,60,Electronics,4,31918,95754,127672
T0165,2024-04-11,12:10,C194,Male,37,Groceries,1,355,266,355
T0166,2024-03-30,11:42,C143,Female,52,Groceries,5,105,393,525
T0167,2024-02-08,17:17,C172,Male,25,Furniture,2,16842,25263,33684
T0168,2024-06-14,14:06,C083,Male,27,Cosmetics,4,1918,5754,7672
T0169,2024-03-26,18:53,C185,Female,52,Clothing,2,2192,3288,4384
T0170,2024-04-10,14:19,C082,Female,19,Electronics,2,23761,35641,47522
T0171,2024-01-28,12:19,C103,Female,19,Groceries,4,396,1188,1584
T0172,2024-05-31,18:30,C115,Female,19,Groceries,3,121,272,363
T0173,2024-03-05,15:21,C158,Female,53,Clothing,3,1319,2967,3957
T0174,2024-04-06,11:07,C015,Male,42,Groceries,5,440,1650,2200
T0175,2024-01-17,17:54,C142,Female,21,Clothing,3,2639,5937,7917
T0176,2024-01-07,11:03,C073,Male,18,Cosmetics,4,1656,4968,6624
T0177,2024-06-28,16:10,C185,Female,45,Cosmetics,1,1496,1122,1496
T0178,2024-04-26,17:34,C155,Male,22,Cosmetics,5,906,3397,4530
T0179,2024-02-28,17:45,C188,Male,22,Groceries,1,308,231,308
T0180,2024-06-11,16:26,C170,Male,58,Groceries,3,158,355,474
T0181,2024-05-16,15:42,C038,Male,21,Clothing,2,1985,2977,3970
T0182,2024-06-25,11:23,C166,Male,47,Clothing,5,716,2685,3580
T0183,2024-05-29,12:25,C059,Female,52,Furniture,2,5938,8907,11876
T0184,2024-03-18,18:32,C061,Male,25,Clothing,5,1396,5235,6980
T0185,2024-04-28,16:46,C100,Male,58,Furniture,3,6972,15687,20916
T0186,2024-04-02,10:14,C192,Male,44,Furniture,4,10823,32469,43292
T0187,2024-04-09,11:31,C173,Female,59,Furniture,1,8389,6291,8389
T0188,2024-06-22,19:32,C104,Male,57,Furniture,4,8431,25293,33724
T0189,2024-03-27,18:39,C060,Male,40,Groceries,4,496,1488,1984
T0190,2024-02-26,20:22,C176,Male,36,Sports,3,6307,14190,18921
T0191,2024-03-10,10:21,C048,Male,28,Clothing,5,1527,5726,7635
T0192,2024-04-16,19:26,C003,Male,50,Groceries,1,386,289,386
T0193,2024-03-15,12:11,C043,Female,22,Groceries,4,188,564,752
T0194,2024-02-13,16:01,C129,Male,29,Cosmetics,1,1039,779,1039
T0195,2024-03-14,11:21,C137,Female,24,Cosmetics,4,1554,4662,6216
T0196,2024-05-30,9:09,C185,Male,42,Electronics,5,58229,218358,291145
T0197,2024-03-26,9:28,C010,Male,58,Clothing,2,2527,3790,5054
T0198,2024-01-25,15:50,C007,Male,31,Clothing,5,568,2130,2840
T0199,2024-01-25,15:41,C069,Male,22,Electronics,3,51680,116280,155040
T0200,2024-01-01,13:37,C198,Female,42,Groceries,4,382,1146,1528
T0201,2024-06-10,15:47,C044,Female,22,Furniture,5,11093,41598,55465
T0202,2024-03-20,16:29,C126,Male,58,Cosmetics,1,810,607,810
T0203,2024-03-06,20:35,C170,Male,22,Groceries,5,249,933,1245
T0204,2024-01-30,13:06,C140,Male,50,Clothing,1,1225,918,1225
T0205,2024-02-02,16:49,C165,Female,26,Clothing,2,2886,4329,5772
T0206,2024-06-15,14:22,C172,Female,30,Electronics,2,20759,31138,41518
T0207,2024-02-17,15:55,C129,Male,44,Groceries,4,237,711,948
T0208,2024-02-26,10:56,C181,Male,53,Cosmetics,3,767,1725,2301
T0209,2024-04-13,15:12,C123,Female,34,Electronics,5,54040,202650,270200
T0210,2024-03-12,14:40,C054,Male,34,Electronics,4,55359,166077,221436
T0211,2024-06-25,11:25,C193,Female,34,Cosmetics,2,824,1236,1648
T0212,2024-01-01,16:10,C007,Male,46,Sports,5,6312,23670,31560
T0213,2024-05-07,19:11,C073,Male,34,Sports,2,2791,4186,5582
T0214,2024-01-07,13:33,C036,Female,34,Groceries,2,430,645,860
T0215,2024-03-13,20:46,C089,Male,18,Electronics,4,47939,143817,191756
T0216,2024-05-26,14:56,C166,Female,38,Sports,4,6446,19338,25784
T0217,2024-03-07,19:22,C054,Female,48,Cosmetics,5,439,1646,2195
T0218,2024-02-03,9:41,C054,Male,20,Electronics,3,38757,87203,116271
T0219,2024-03-26,18:32,C032,Male,49,Groceries,4,225,675,900
T0220,2024-03-07,15:52,C159,Male,18,Cosmetics,5,1940,7275,9700
T0221,2024-02-11,11:34,C150,Female,47,Electronics,4,46069,138207,184276
T0222,2024-05-01,17:14,C189,Female,36,Groceries,1,104,78,104
T0223,2024-04-06,10:32,C173,Female,34,Electronics,5,56685,212568,283425
T0224,2024-05-10,10:41,C064,Male,56,Clothing,5,2124,7965,10620
T0225,2024-02-22,17:24,C136,Male,45,Groceries,1,105,78,105
T0226,2024-02-13,20:35,C057,Female,38,Furniture,5,13683,51311,68415
T0227,2024-03-20,16:06,C115,Male,49,Electronics,5,38920,145950,194600
T0228,2024-03-09,15:11,C153,Male,50,Clothing,3,2684,6039,8052
T0229,2024-03-22,20:52,C127,Female,54,Furniture,2,7591,11386,15182
T0230,2024-05-25,13:26,C148,Male,49,Furniture,5,12853,48198,64265
T0231,2024-05-15,11:52,C127,Female,39,Electronics,3,48853,109919,146559
T0232,2024-04-13,17:38,C196,Male,57,Groceries,3,491,1104,1473
T0233,2024-02-22,14:05,C165,Male,20,Electronics,4,43612,130836,174448
T0234,2024-06-24,19:54,C187,Female,55,Electronics,1,42667,32000,42667
T0235,2024-05-23,9:40,C076,Male,53,Groceries,4,225,675,900
T0236,2024-01-30,12:30,C120,Female,39,Groceries,5,429,1608,2145
T0237,2024-04-15,20:38,C057,Female,24,Furniture,1,12859,9644,12859
T0238,2024-03-01,9:53,C047,Female,18,Sports,4,6133,18399,24532
T0239,2024-05-11,16:00,C064,Female,38,Electronics,1,36177,27132,36177
T0240,2024-04-23,16:14,C012,Female,23,Cosmetics,3,1007,2265,3021
T0241,2024-01-02,18:53,C123,Female,36,Groceries,4,206,618,824
T0242,2024-05-17,10:54,C132,Male,19,Furniture,4,19778,59334,79112
T0243,2024-01-04,19:12,C145,Female,48,Clothing,3,1950,4387,5850
T0244,2024-02-02,11:21,C146,Female,30,Cosmetics,2,1859,2788,3718
T0245,2024-03-13,13:31,C150,Male,42,Furniture,4,15214,45642,60856
T0246,2024-01-27,17:01,C163,Female,52,Groceries,5,171,641,855
T0247,2024-02-20,18:28,C162,Male,23,Furniture,4,9757,29271,39028
T0248,2024-02-06,20:42,C007,Male,23,Electronics,3,49740,111915,149220
T0249,2024-05-15,15:55,C088,Female,23,Electronics,3,18877,42473,56631
T0250,2024-04-11,13:11,C188,Female,49,Cosmetics,5,1319,4946,6595
T0251,2024-03-15,20:30,C127,Female,44,Furniture,3,18403,41406,55209
T0252,2024-06-01,14:52,C130,Male,50,Cosmetics,5,1846,6922,9230
T0253,2024-03-01,11:33,C038,Male,52,Cosmetics,5,320,1200,1600
T0254,2024-05-21,11:38,C074,Female,46,Clothing,4,1910,5730,7640
T0255,2024-03-24,20:21,C180,Female,31,Groceries,3,309,695,927
T0256,2024-05-13,14:00,C066,Female,46,Clothing,1,1445,1083,1445
T0257,2024-03-16,11:05,C192,Male,19,Sports,5,2030,7612,10150
T0258,2024-02-27,17:58,C130,Male,25,Groceries,5,254,952,1270
T0259,2024-03-30,18:05,C094,Male,19,Cosmetics,2,1405,2107,2810
T0260,2024-03-01,15:56,C168,Male,37,Groceries,2,485,727,970
T0261,2024-04-07,13:39,C070,Female,19,Cosmetics,2,1099,1648,2198
T0262,2024-04-24,16:15,C114,Female,18,Sports,4,2216,6648,8864
T0263,2024-05-20,12:02,C192,Male,44,Sports,4,7792,23376,31168
T0264,2024-01-21,15:09,C188,Male,23,Furniture,3,8432,18972,25296
T0265,2024-05-28,11:35,C003,Female,31,Sports,5,4581,17178,22905
T0266,2024-03-11,13:50,C074,Female,48,Electronics,4,30512,91536,122048
T0267,2024-06-20,10:28,C035,Male,37,Furniture,3,13173,29639,39519
T0268,2024-02-22,12:45,C143,Female,60,Groceries,4,224,672,896
T0269,2024-03-17,17:05,C125,Male,21,Groceries,5,480,1800,2400
T0270,2024-01-01,13:01,C039,Female,18,Furniture,3,7405,16661,22215
T0271,2024-04-06,9:19,C054,Male,53,Sports,4,7133,21399,28532
T0272,2024-06-23,14:49,C132,Female,34,Cosmetics,4,1071,3213,4284
T0273,2024-02-02,10:13,C088,Male,57,Sports,4,3111,9333,12444
T0274,2024-02-28,19:52,C165,Male,33,Clothing,3,2015,4533,6045
T0275,2024-01-17,20:15,C089,Female,45,Groceries,1,388,291,388
T0276,2024-05-10,14:08,C165,Male,47,Clothing,1,1852,1389,1852
T0277,2024-01-30,10:41,C138,Female,48,Cosmetics,1,893,669,893
T0278,2024-04-28,18:16,C141,Male,45,Cosmetics,3,1131,2544,3393
T0279,2024-03-14,15:14,C148,Male,57,Electronics,5,22760,85350,113800
T0280,2024-01-01,14:37,C061,Male,22,Clothing,4,1414,4242,5656
T0281,2024-04-18,12:49,C096,Female,59,Cosmetics,2,1074,1611,2148
T0282,2024-01-26,16:24,C157,Male,28,Sports,2,5633,8449,11266
T0283,2024-06-24,12:34,C153,Male,49,Furniture,1,10535,7901,10535
T0284,2024-06-22,20:24,C013,Female,48,Cosmetics,3,844,1899,2532
T0285,2024-02-06,14:17,C170,Female,47,Sports,4,4739,14217,18956
T0286,2024-01-26,19:40,C180,Male,49,Groceries,2,334,501,668
T0287,2024-04-19,9:45,C129,Male,37,Sports,2,4358,6537,8716
T0288,2024-02-05,10:02,C171,Female,24,Furniture,1,9944,7458,9944
T0289,2024-06-09,20:53,C122,Male,50,Groceries,2,259,388,518
T0290,2024-02-16,15:02,C094,Female,56,Sports,2,6996,10494,13992
T0291,2024-05-03,10:39,C056,Male,27,Electronics,5,17728,66480,88640
T0292,2024-01-08,17:19,C098,Female,35,Electronics,4,25854,77562,103416
T0293,2024-02-06,19:51,C118,Female,18,Furniture,5,5040,18900,25200
T0294,2024-01-28,19:24,C175,Male,29,Groceries,5,304,1140,1520
T0295,2024-04-12,19:47,C175,Female,23,Groceries,4,174,522,696
T0296,2024-02-26,9:25,C041,Male,34,Groceries,5,478,1792,2390
T0297,2024-02-03,16:58,C050,Female,34,Groceries,5,123,461,615
T0298,2024-05-08,12:33,C108,Male,44,Clothing,4,2548,7644,10192
T0299,2024-03-03,14:02,C091,Male,48,Furniture,3,10827,24360,32481
T0300,2024-02-18,11:43,C066,Female,41,Groceries,5,163,611,815
T0301,2024-03-26,9:34,C091,Male,55,Sports,3,7884,17739,23652
T0302,2024-03-26,19:35,C035,Male,34,Electronics,1,31926,23944,31926
T0303,2024-04-19,14:04,C097,Female,29,Electronics,3,15509,34895,46527
T0304,2024-03-14,13:13,C061,Female,44,Cosmetics,3,1007,2265,3021
T0305,2024-04-22,14:41,C193,Female,21,Cosmetics,1,1774,1330,1774
T0306,2024-02-25,10:27,C161,Female,25,Electronics,5,49083,184061,245415
T0307,2024-04-04,17:51,C003,Male,52,Groceries,5,122,457,610
T0308,2024-01-29,14:58,C079,Female,43,Cosmetics,3,750,1687,2250
T0309,2024-04-22,17:32,C074,Male,34,Cosmetics,3,1229,2765,3687
T0310,2024-02-24,17:48,C122,Male,40,Groceries,5,244,915,1220
T0311,2024-05-05,9:33,C055,Male,52,Sports,1,6723,5042,6723
T0312,2024-06-06,18:52,C012,Male,35,Clothing,5,1551,5816,7755
T0313,2024-04-12,20:51,C108,Female,55,Clothing,5,2016,7560,10080
T0314,2024-03-20,15:00,C189,Female,33,Electronics,4,51148,153444,204592
T0315,2024-02-18,12:29,C170,Male,44,Sports,5,5223,19586,26115
T0316,2024-04-01,17:18,C191,Female,31,Sports,1,2187,1640,2187
T0317,2024-01-27,18:08,C048,Female,31,Cosmetics,3,414,931,1242
T0318,2024-05-15,17:57,C162,Female,39,Furniture,4,19918,59754,79672
T0319,2024-01-16,10:24,C198,Female,37,Cosmetics,4,772,2316,3088
T0320,2024-03-02,16:30,C024,Female,18,Clothing,4,1905,5715,7620
T0321,2024-01-15,12:35,C061,Male,31,Groceries,3,198,445,594
T0322,2024-01-06,13:01,C198,Male,24,Clothing,1,915,686,915
T0323,2024-03-07,10:27,C139,Female,48,Groceries,5,135,506,675
T0324,2024-06-22,10:52,C011,Female,56,Furniture,4,12103,36309,48412
T0325,2024-02-20,16:22,C093,Male,39,Groceries,2,151,226,302
T0326,2024-02-21,18:09,C122,Female,52,Groceries,3,387,870,1161
T0327,2024-03-16,12:16,C161,Male,47,Cosmetics,5,533,1998,2665
T0328,2024-05-25,13:55,C089,Male,49,Furniture,3,15631,35169,46893
T0329,2024-06-23,9:31,C046,Female,32,Electronics,5,43129,161733,215645
T0330,2024-03-16,15:13,C118,Female,54,Groceries,2,398,597,796
T0331,2024-01-18,9:21,C105,Female,32,Cosmetics,4,1808,5424,7232
T0332,2024-01-15,9:29,C031,Female,19,Electronics,2,21150,31725,42300
T0333,2024-01-23,17:36,C190,Male,35,Groceries,2,128,192,256
T0334,2024-05-12,11:21,C029,Female,27,Electronics,1,28718,21538,28718
T0335,2024-05-09,12:25,C010,Female,20,Sports,5,6174,23152,30870
T0336,2024-05-15,12:04,C116,Female,38,Electronics,4,44841,134523,179364
T0337,2024-03-29,18:07,C185,Male,23,Furniture,5,5142,19282,25710
T0338,2024-05-06,20:09,C014,Male,31,Cosmetics,1,408,306,408
T0339,2024-03-17,13:27,C068,Female,46,Clothing,4,1307,3921,5228
T0340,2024-05-17,14:41,C059,Female,45,Sports,5,4029,15108,20145
T0341,2024-05-13,10:06,C149,Male,41,Groceries,4,122,366,488
T0342,2024-02-27,14:39,C159,Female,60,Clothing,4,1111,3333,4444
T0343,2024-04-05,9:26,C182,Female,43,Groceries,3,319,717,957
T0344,2024-04-03,12:05,C133,Male,59,Sports,5,5397,20238,26985
T0345,2024-05-13,11:02,C153,Female,34,Sports,3,7334,16501,22002
T0346,2024-03-05,19:55,C004,Female,37,Cosmetics,2,661,991,1322
T0347,2024-01-22,15:44,C090,Male,44,Clothing,4,776,2328,3104
T0348,2024-06-27,10:13,C128,Male,27,Furniture,4,12734,38202,50936
T0349,2024-06-08,16:10,C015,Male,59,Electronics,4,53334,160002,213336
T0350,2024-04-02,13:28,C195,Male,25,Furniture,5,16875,63281,84375
T0351,2024-05-30,20:38,C191,Female,34,Furniture,1,10226,7669,10226
T0352,2024-04-10,14:22,C194,Male,48,Electronics,5,28541,107028,142705
T0353,2024-05-27,18:18,C095,Male,23,Groceries,3,216,486,648
T0354,2024-03-11,10:26,C040,Female,38,Clothing,4,1537,4611,6148
T0355,2024-04-13,19:37,C093,Female,39,Furniture,4,7608,22824,30432
T0356,2024-06-14,17:15,C160,Female,38,Groceries,2,320,480,640
T0357,2024-03-15,9:46,C131,Female,37,Groceries,4,308,924,1232
T0358,2024-04-10,9:29,C059,Male,38,Clothing,2,2648,3972,5296
T0359,2024-04-13,19:08,C122,Female,21,Cosmetics,3,443,996,1329
T0360,2024-06-18,15:41,C168,Female,47,Electronics,5,27434,102877,137170
T0361,2024-02-16,15:44,C197,Female,46,Furniture,4,11471,34413,45884
T0362,2024-03-28,17:40,C200,Male,21,Furniture,4,17593,52779,70372
T0363,2024-06-14,9:26,C170,Female,29,Clothing,5,1438,5392,7190
T0364,2024-01-26,12:33,C060,Male,40,Cosmetics,3,1287,2895,3861
T0365,2024-03-25,14:06,C187,Female,57,Furniture,1,16783,12587,16783
T0366,2024-06-21,18:32,C038,Male,45,Groceries,5,420,1575,2100
T0367,2024-04-18,15:01,C091,Male,60,Electronics,1,43802,32851,43802
T0368,2024-05-13,12:39,C123,Male,51,Electronics,1,53917,40437,53917
T0369,2024-05-30,20:30,C173,Female,47,Clothing,4,1900,5700,7600
T0370,2024-02-08,17:38,C037,Male,47,Groceries,3,250,562,750
T0371,2024-02-01,9:45,C139,Male,26,Furniture,3,14644,32949,43932
T0372,2024-01-18,12:57,C067,Male,48,Sports,3,1781,4007,5343
T0373,2024-03-30,16:58,C162,Male,23,Electronics,4,53944,161832,215776
T0374,2024-02-23,19:16,C049,Female,20,Furniture,1,13820,10365,13820
T0375,2024-04-05,17:14,C105,Female,30,Electronics,2,21607,32410,43214
T0376,2024-01-03,20:54,C062,Male,53,Clothing,2,2206,3309,4412
T0377,2024-02-12,16:27,C182,Female,58,Furniture,5,6027,22601,30135
T0378,2024-05-30,20:24,C162,Female,43,Groceries,5,465,1743,2325
T0379,2024-02-26,18:51,C051,Female,46,Sports,1,6485,4863,6485
T0380,2024-01-22,17:45,C101,Male,39,Furniture,5,18320,68700,91600
T0381,2024-02-22,13:25,C183,Female,40,Electronics,1,23020,17265,23020
T0382,2024-04-12,11:50,C094,Male,28,Sports,2,3528,5292,7056
T0383,2024-04-21,16:04,C064,Female,29,Cosmetics,2,931,1396,1862
T0384,2024-05-26,20:50,C078,Male,22,Electronics,3,16803,37806,50409
T0385,2024-04-25,10:58,C195,Male,27,Clothing,5,2818,10567,14090
T0386,2024-03-11,10:00,C113,Female,60,Groceries,1,307,230,307
T0387,2024-01-10,11:59,C029,Male,22,Groceries,4,470,1410,1880
T0388,2024-01-17,14:47,C029,Female,57,Furniture,3,11846,26653,35538
T0389,2024-03-11,18:58,C056,Male,25,Electronics,5,39468,148005,197340
T0390,2024-03-23,11:48,C162,Male,30,Furniture,2,18497,27745,36994
T0391,2024-06-09,19:54,C066,Female,40,Sports,4,6320,18960,25280
T0392,2024-02-23,14:13,C050,Female,40,Cosmetics,2,1974,2961,3948
T0393,2024-04-06,12:48,C136,Female,52,Groceries,5,231,866,1155
T0394,2024-05-15,18:33,C200,Male,20,Groceries,4,352,1056,1408
T0395,2024-06-21,9:56,C014,Female,21,Clothing,3,2207,4965,6621
T0396,2024-02-11,18:17,C190,Male,59,Clothing,5,2219,8321,11095
T0397,2024-01-23,15:52,C084,Male,22,Cosmetics,3,861,1937,2583
T0398,2024-06-07,10:09,C067,Male,50,Groceries,3,276,621,828
T0399,2024-01-23,16:24,C128,Female,18,Furniture,5,11523,43211,57615
T0400,2024-02-27,11:36,C157,Female,53,Groceries,1,147,110,147
T0401,2024-03-15,11:41,C112,Male,37,Groceries,1,370,277,370
T0402,2024-03-13,9:40,C103,Male,40,Furniture,3,19862,44689,59586
T0403,2024-01-27,13:02,C147,Female,56,Clothing,1,1494,1120,1494
T0404,2024-01-23,16:15,C188,Female,21,Cosmetics,2,1207,1810,2414
T0405,2024-03-13,9:11,C004,Male,24,Sports,5,7010,26287,35050
T0406,2024-04-10,18:38,C025,Female,44,Clothing,4,1942,5826,7768
T0407,2024-03-30,17:19,C149,Male,19,Furniture,2,5652,8478,11304
T0408,2024-02-15,17:05,C050,Female,28,Electronics,2,37792,56688,75584
T0409,2024-03-15,20:23,C074,Female,29,Electronics,5,18147,68051,90735
T0410,2024-06-24,9:56,C197,Female,51,Electronics,2,23916,35874,47832
T0411,2024-06-25,10:36,C184,Male,53,Electronics,5,23892,89595,119460
T0412,2024-06-25,11:40,C122,Male,20,Cosmetics,3,1547,3480,4641
T0413,2024-04-03,11:12,C153,Female,34,Clothing,2,2274,3411,4548
T0414,2024-01-24,19:11,C130,Female,54,Cosmetics,1,831,623,831
T0415,2024-02-29,11:35,C169,Male,52,Furniture,5,5474,20527,27370
T0416,2024-02-21,17:26,C096,Female,21,Groceries,4,235,705,940
T0417,2024-02-13,18:33,C088,Female,37,Clothing,5,1568,5880,7840
T0418,2024-03-09,12:46,C086,Female,55,Clothing,3,2066,4648,6198
T0419,2024-05-30,13:27,C121,Female,27,Electronics,3,22676,51021,68028
T0420,2024-03-17,20:42,C187,Female,54,Cosmetics,4,421,1263,1684
T0421,2024-03-14,16:52,C016,Female,32,Furniture,1,10743,8057,10743
T0422,2024-02-10,9:49,C154,Male,29,Cosmetics,4,310,930,1240
T0423,2024-05-12,14:43,C067,Female,23,Clothing,3,1478,3325,4434
T0424,2024-05-03,11:11,C035,Male,54,Electronics,2,27839,41758,55678
T0425,2024-05-24,15:53,C177,Male,57,Cosmetics,3,804,1809,2412
T0426,2024-03-27,17:50,C060,Male,55,Cosmetics,4,1632,4896,6528
T0427,2024-02-28,14:19,C030,Male,18,Clothing,2,2226,3339,4452
T0428,2024-02-28,13:07,C171,Female,38,Electronics,1,18326,13744,18326
T0429,2024-02-02,17:25,C023,Male,20,Cosmetics,2,676,1014,1352
T0430,2024-05-29,14:36,C100,Male,51,Sports,3,7211,16224,21633
T0431,2024-03-15,18:30,C183,Male,18,Electronics,2,22306,33459,44612
T0432,2024-01-09,16:38,C023,Female,35,Furniture,3,11055,24873,33165
T0433,2024-03-10,10:58,C035,Male,26,Groceries,4,272,816,1088
T0434,2024-01-29,14:02,C131,Male,39,Cosmetics,4,936,2808,3744
T0435,2024-06-04,11:57,C092,Female,57,Groceries,5,259,971,1295
T0436,2024-02-26,16:49,C083,Female,55,Groceries,5,327,1226,1635
T0437,2024-06-26,18:55,C095,Female,57,Sports,3,5120,11520,15360
T0438,2024-05-09,9:07,C167,Male,44,Electronics,5,42645,159918,213225
T0439,2024-06-14,10:46,C034,Male,39,Cosmetics,1,1199,899,1199
T0440,2024-01-06,12:07,C195,Male,59,Clothing,4,680,2040,2720
T0441,2024-03-12,18:44,C154,Male,26,Furniture,4,16065,48195,64260
T0442,2024-03-20,16:23,C161,Female,24,Cosmetics,4,1129,3387,4516
T0443,2024-04-03,18:33,C118,Male,31,Electronics,5,32268,121005,161340
T0444,2024-06-10,14:49,C143,Female,22,Cosmetics,5,1896,7110,9480
T0445,2024-01-07,16:07,C094,Male,41,Clothing,5,2156,8085,10780
T0446,2024-01-10,15:57,C186,Female,22,Clothing,2,1697,2545,3394
T0447,2024-04-28,13:43,C128,Female,29,Clothing,2,1500,2250,3000
T0448,2024-02-27,17:10,C095,Male,31,Sports,3,4993,11234,14979
T0449,2024-04-19,12:22,C082,Male,33,Clothing,4,1320,3960,5280
T0450,2024-03-13,17:23,C064,Male,18,Clothing,4,2300,6900,9200
T0451,2024-01-13,12:19,C137,Female,54,Furniture,1,13659,10244,13659
T0452,2024-06-10,16:26,C086,Female,48,Electronics,4,51120,153360,204480
T0453,2024-04-09,14:35,C073,Female,49,Electronics,5,21519,80696,107595
T0454,2024-06-17,20:48,C025,Male,31,Furniture,1,18077,13557,18077
T0455,2024-02-23,11:15,C195,Female,23,Furniture,5,6818,25567,34090
T0456,2024-01-18,18:15,C042,Male,41,Electronics,1,58719,44039,58719
T0457,2024-01-20,16:18,C060,Female,40,Clothing,2,2493,3739,4986
T0458,2024-05-19,15:04,C187,Female,23,Cosmetics,2,340,510,680
T0459,2024-02-13,17:56,C020,Female,40,Electronics,5,22578,84667,112890
T0460,2024-06-03,19:08,C017,Male,57,Sports,2,5067,7600,10134
T0461,2024-01-26,20:08,C041,Female,34,Groceries,3,253,569,759
T0462,2024-02-24,20:07,C128,Male,52,Furniture,4,13051,39153,52204
T0463,2024-03-23,16:44,C024,Male,51,Groceries,1,113,84,113
T0464,2024-01-14,16:47,C062,Male,44,Clothing,2,2337,3505,4674
T0465,2024-01-07,17:45,C150,Female,20,Clothing,3,1188,2673,3564
T0466,2024-03-24,20:36,C180,Female,21,Furniture,2,18279,27418,36558
T0467,2024-04-19,19:56,C081,Female,59,Groceries,4,251,753,1004
T0468,2024-01-10,20:30,C111,Male,43,Sports,5,2752,10320,13760
T0469,2024-02-15,9:45,C168,Female,57,Furniture,2,9337,14005,18674
T0470,2024-02-27,16:49,C158,Female,37,Clothing,4,1401,4203,5604
T0471,2024-02-09,16:35,C030,Male,22,Cosmetics,1,1425,1068,1425
T0472,2024-03-27,12:51,C094,Female,39,Clothing,4,1364,4092,5456
T0473,2024-05-06,16:39,C014,Female,22,Cosmetics,5,1825,6843,9125
T0474,2024-03-31,15:50,C171,Female,33,Clothing,5,2675,10031,13375
T0475,2024-04-06,14:07,C195,Female,21,Clothing,5,2643,9911,13215
T0476,2024-05-24,18:30,C051,Female,40,Clothing,4,1777,5331,7108
T0477,2024-01-04,20:34,C090,Female,30,Clothing,3,1584,3564,4752
T0478,2024-05-17,17:50,C193,Male,47,Sports,4,1019,3057,4076
T0479,2024-05-17,16:51,C042,Male,57,Groceries,5,358,1342,1790
T0480,2024-06-19,15:13,C041,Male,60,Sports,1,7510,5632,7510
T0481,2024-05-16,9:05,C141,Female,40,Clothing,3,2527,5685,7581
T0482,2024-04-20,19:26,C028,Female,34,Groceries,3,277,623,831
T0483,2024-05-28,14:59,C039,Male,42,Furniture,4,10800,32400,43200
T0484,2024-03-25,17:12,C109,Female,34,Groceries,5,137,513,685
T0485,2024-01-27,17:19,C145,Male,31,Groceries,4,369,1107,1476
T0486,2024-04-24,13:58,C058,Male,21,Groceries,3,394,886,1182
T0487,2024-02-01,13:45,C087,Female,46,Sports,3,3105,6986,9315
T0488,2024-01-26,19:06,C009,Female,46,Clothing,1,2773,2079,2773
T0489,2024-05-03,16:46,C120,Male,35,Clothing,2,2184,3276,4368
T0490,2024-06-03,18:58,C005,Male,20,Electronics,3,42555,95748,127665
T0491,2024-03-28,17:27,C040,Female,27,Electronics,4,40773,122319,163092
T0492,2024-05-27,9:57,C118,Male,55,Cosmetics,3,880,1980,2640
T0493,2024-04-19,16:34,C132,Female,21,Groceries,2,196,294,392
T0494,2024-06-24,13:06,C002,Male,26,Sports,4,7725,23175,30900
T0495,2024-01-03,18:46,C107,Male,44,Sports,2,4667,7000,9334
T0496,2024-02-13,18:12,C190,Male,48,Clothing,5,1882,7057,9410
T0497,2024-06-24,11:56,C088,Female,30,Cosmetics,1,1782,1336,1782
T0498,2024-02-21,19:32,C174,Male,48,Groceries,5,444,1665,2220
T0499,2024-05-03,20:07,C073,Male,47,Cosmetics,4,1903,5709,7612
T0500,2024-06-14,14:00,C082,Female,55,Sports,5,7648,28680,38240
